external_id,parent_id/external_id,Name
"prod_cat_428","prod_cat_415","DENSITY"
"prod_cat_429","prod_cat_415","OXYGEN HUMIDITY"
"prod_cat_430","prod_cat_415","SPARE PARTS"
"prod_cat_431","prod_cat_414","ADMAG"
"prod_cat_432","prod_cat_414","YEWFLO"
"prod_cat_433","prod_cat_414","FLOW COMPUTERS AND TOTALIZERS AND ACCESSORIES"
"prod_cat_434","prod_cat_417","DRAFT RANGE"
"prod_cat_435","prod_cat_417","DIFFERENTIAL PRESSURE"
"prod_cat_436","prod_cat_417","GAUGE ABSOLUTE"
"prod_cat_437","prod_cat_417","LIQUID LEVEL"
"prod_cat_438","prod_cat_417","REMOTE SEALS"
"prod_cat_439","prod_cat_417","RJGW SEALS"
"prod_cat_440","prod_cat_417","COMMUNICATORS"
"prod_cat_441","prod_cat_417","TEMPERATURE TRANSMITTERS"
"prod_cat_442","prod_cat_417","CURRENT TO PNEUMATIC"
"prod_cat_443","prod_cat_417","ACCESSORIES"
"prod_cat_444","prod_cat_417","CERTIFICATIONS"
"prod_cat_445","prod_cat_418","DIGITAL OSCILLOSCOPES"
"prod_cat_446","prod_cat_418","FUNCTION GENERATORS"
"prod_cat_447","prod_cat_418","TIME INTERVAL ANALYZERS & UNIVERSAL COUNTERS"
"prod_cat_448","prod_cat_419","DIGITAL MULTIMETERS"
"prod_cat_449","prod_cat_419","POWER MEASURING EQUIPMENT"
"prod_cat_450","prod_cat_419","SOURCE MEASURE UNITS"
"prod_cat_451","prod_cat_419","DIGITAL THERMOMETERS"
"prod_cat_452","prod_cat_419","PRESSURE MEASURING INSTRUMENTS"
"prod_cat_453","prod_cat_423","OSCILLOGRAPHIC RECORDERS"
"prod_cat_454","prod_cat_423","MULTI-POINT / DATA ACQUISITION"
"prod_cat_455","prod_cat_423","PEN RECORDERS"
"prod_cat_456","prod_cat_423","RECORDER MODIFICATION KITS"
"prod_cat_457","prod_cat_423","ACCESSORIES & CALIBRATION FOR "OTHER INSTRUMENTS""
"prod_cat_465","prod_cat_422","JUXTA F SERIES"
"prod_cat_466","prod_cat_422","JUXTA W SERIES"
"prod_cat_467","prod_cat_422","JUXTA J & M SERIES"
"prod_cat_468","prod_cat_422","JUXTA F & W SERIES"
"prod_cat_469","prod_cat_422","JUXTA HANDY TERMINAL"
"prod_cat_470","prod_cat_422","JUXTA P SERIES ACCESSORIES"
"prod_cat_471","prod_cat_422","AR SERIES"
"prod_cat_472","prod_cat_420","GREEN SERIES"
"prod_cat_473","prod_cat_420","YS100"
"prod_cat_474","prod_cat_420","YS80"
"prod_cat_475","prod_cat_420","US1000"
"prod_cat_476","prod_cat_420","UT100"
"prod_cat_477","prod_cat_420","ACTUATORS"
"prod_cat_478","prod_cat_420","SOFTWARE"
"prod_cat_479","prod_cat_420","ACCESSORIES/MANUALS"
"prod_cat_480","prod_cat_415","pH"
"prod_cat_481","prod_cat_421","PORTABLE & BENCH ELECTRICAL TEST INSTRUMENTS"
"prod_cat_482","prod_cat_421","TRANSMITTER ACCESSORIES"
"prod_cat_483","prod_cat_416","MR Series"
"prod_cat_484","prod_cat_416","SR Series"
"prod_cat_485","prod_cat_416","VR Series"
"prod_cat_486","prod_cat_416","DARWIN"
"prod_cat_487","prod_cat_416","CAPL"
"prod_cat_488","prod_cat_415","CONDUCTIVITY"
"prod_cat_489","prod_cat_422","JUXTA VJ SERIES"
"prod_cat_490","prod_cat_415","INDUCTIVE CONDUCTIVITY"
"prod_cat_491","prod_cat_416","DAQSTATION"
"prod_cat_492","prod_cat_418","PRECISION DATA  ACQUISITION"
"prod_cat_493","prod_cat_424","PANEL"
"prod_cat_494","prod_cat_416","DAQMASTER"
"prod_cat_495","prod_cat_415","DISSOLVED OXYGEN"
"prod_cat_496","prod_cat_414","ROTAMASS"
"prod_cat_497","prod_cat_420","FA-M3 SERIES"
"prod_cat_498","prod_cat_420","Industrial Touch Panels and Computers"
"prod_cat_499","prod_cat_419","MULTIMEDIA DISPLAY TESTER"
"prod_cat_500","prod_cat_424","TRANSDUCERS"
"prod_cat_501","prod_cat_416","Calibration"
"prod_cat_502","prod_cat_417","PIC SEALS"
"prod_cat_503","prod_cat_417","MULTVARIABLE"
"prod_cat_504","prod_cat_417","SOFTWARE"
"prod_cat_505","prod_cat_414","VERABAR"
"prod_cat_506","prod_cat_414","ROTAMETER"
"prod_cat_507","prod_cat_415","DT1"
"prod_cat_508","prod_cat_420","YS1000"
"prod_cat_509","prod_cat_418","HIGH-SPEED DATA ACQUISITION"
"prod_cat_510","prod_cat_425","OSA"
"prod_cat_511","prod_cat_425","OTDR"
"prod_cat_512","prod_cat_425","MATS"
"prod_cat_513","prod_cat_425","PROTOCOL"
"prod_cat_514","prod_cat_425","GENERAL"
"prod_cat_515","prod_cat_417","WIKA SEAL"
"prod_cat_516","prod_cat_425","OPTICAL SENSING"
"prod_cat_517","prod_cat_425","HANDHELDS"
"prod_cat_518","prod_cat_425","PRODUCTION HALTED"
"prod_cat_519","prod_cat_416","DAWN Wireless"
"prod_cat_520","prod_cat_425","OPTICAL LIGHT SOURCES"
"prod_cat_521","prod_cat_420","UTAdvanced"
"prod_cat_522","prod_cat_416","SOFTWARE"
"prod_cat_523","prod_cat_415","LASER"
"prod_cat_524","prod_cat_425","MULTI FIELD TESTER"
"prod_cat_525","prod_cat_416","Operator Interface"
"prod_cat_526","prod_cat_416","SolStation – HXS10"
"prod_cat_527","prod_cat_417","WIRELESS PRODUCTS"
"prod_cat_528","prod_cat_416","Cellular Modems"
"prod_cat_529","prod_cat_420","Operator Interface"
"prod_cat_530","prod_cat_420","Annunicator/SER"
"prod_cat_531","prod_cat_426","TDLS"
"prod_cat_532","prod_cat_416","SMARTDAC PLUS"
"prod_cat_533","prod_cat_425","WAVE METER"
"prod_cat_534","prod_cat_427","Advanced Control Products"
"prod_cat_535","prod_cat_427","Y-VIEW"
"prod_cat_536","prod_cat_427","Annunciator and Sequence of Event Systems"
"prod_cat_537","prod_cat_428","MODEL DM8C"
"prod_cat_538","prod_cat_428","MODEL GD402G/GD402T/GD402V"
"prod_cat_539","prod_cat_428","MODEL GD40G/GD40T/GD40V"
"prod_cat_540","prod_cat_428","MODEL GDW"
"prod_cat_541","prod_cat_428","MODEL VD6"
"prod_cat_542","prod_cat_429","MATERIAL REFERENCE CHART"
"prod_cat_543","prod_cat_429","MODEL AC4/AC8"
"prod_cat_544","prod_cat_429","MODEL AV550G"
"prod_cat_545","prod_cat_429","MODEL AV55CM AVERAGING CONVERTER"
"prod_cat_546","prod_cat_429","MODEL IAC24"
"prod_cat_547","prod_cat_429","MODEL OX400"
"prod_cat_548","prod_cat_429","MODEL ZR202G"
"prod_cat_549","prod_cat_429","MODEL ZR202S"
"prod_cat_550","prod_cat_429","MODEL ZR22G"
"prod_cat_551","prod_cat_429","MODEL ZR22G & IAC24"
"prod_cat_552","prod_cat_429","MODEL ZR22P"
"prod_cat_553","prod_cat_429","MODEL ZR22R"
"prod_cat_554","prod_cat_429","MODEL ZR22S"
"prod_cat_555","prod_cat_429","MODEL ZR22V"
"prod_cat_556","prod_cat_429","MODEL ZR402G"
"prod_cat_557","prod_cat_429","NOTE:  O2 CALIBRATION GAS"
"prod_cat_558","prod_cat_429","SINGLE CHANNEL"
"prod_cat_559","prod_cat_429","ZIRCONIA OXYGEN PROBE REPLACEMENT STRUT"
"prod_cat_560","prod_cat_430","ANALYTICAL"
"prod_cat_561","prod_cat_431","ADMAG"
"prod_cat_562","prod_cat_431","ADMAG - AXR"
"prod_cat_563","prod_cat_431","ADMAG - AXW"
"prod_cat_564","prod_cat_431","ADMAG AXF TOKUCHUS"
"prod_cat_565","prod_cat_431","ADMAG CA"
"prod_cat_566","prod_cat_431","AXF Magnetic FlowTube High Pressure Type"
"prod_cat_567","prod_cat_431","AXW Magnetic FlowTube General Purpose 40in to 72in"
"prod_cat_568","prod_cat_431","AXW magnetic FlowTube Submersible 44in TO 72in"
"prod_cat_569","prod_cat_431","Dedicated Signal Cable"
"prod_cat_570","prod_cat_431","Integral Flowmeter/Remote Flowtube"
"prod_cat_571","prod_cat_431","Integral Flowmeter/Remote Flowtube  Ex-proof type"
"prod_cat_572","prod_cat_431","Integral Flowmeter/Remote Flowtube Sanitary Type"
"prod_cat_573","prod_cat_431","Remote Converter"
"prod_cat_574","prod_cat_431","Remote Converter Explosion proof type"
"prod_cat_575","prod_cat_431","Remote Flowtube  Submersible"
"prod_cat_576","prod_cat_432","digital YEWFLO"
"prod_cat_577","prod_cat_432","digitalYEWFLO"
"prod_cat_578","prod_cat_433","Batch Controllers"
"prod_cat_579","prod_cat_433","BTU"
"prod_cat_580","prod_cat_433","FIELD MOUNTED"
"prod_cat_581","prod_cat_433","FLOW"
"prod_cat_582","prod_cat_434","Model EJA120A"
"prod_cat_583","prod_cat_434","Model EJA120E"
"prod_cat_584","prod_cat_434","Model EJX120A"
"prod_cat_585","prod_cat_435","Model EJA110A"
"prod_cat_586","prod_cat_435","Model EJA110E"
"prod_cat_587","prod_cat_435","Model EJA115"
"prod_cat_588","prod_cat_435","Model EJA115E"
"prod_cat_589","prod_cat_435","Model EJA130A"
"prod_cat_590","prod_cat_435","Model EJA130E"
"prod_cat_591","prod_cat_435","Model EJX110A"
"prod_cat_592","prod_cat_435","Model EJX115A"
"prod_cat_593","prod_cat_435","Model EJX130A"
"prod_cat_594","prod_cat_436","Model EJA310A"
"prod_cat_595","prod_cat_436","Model EJA310E"
"prod_cat_596","prod_cat_436","Model EJA430A"
"prod_cat_597","prod_cat_436","Model EJA430E"
"prod_cat_598","prod_cat_436","Model EJA440A"
"prod_cat_599","prod_cat_436","Model EJA440E"
"prod_cat_600","prod_cat_436","Model EJA510A"
"prod_cat_601","prod_cat_436","Model EJA510E"
"prod_cat_602","prod_cat_436","Model EJA530A"
"prod_cat_603","prod_cat_436","Model EJA530E"
"prod_cat_604","prod_cat_436","Model EJX310A"
"prod_cat_605","prod_cat_436","Model EJX430A"
"prod_cat_606","prod_cat_436","Model EJX440A"
"prod_cat_607","prod_cat_436","Model EJX510A"
"prod_cat_608","prod_cat_436","Model EJX530A"
"prod_cat_609","prod_cat_436","Model EJX610A"
"prod_cat_610","prod_cat_436","Model EJX630A"
"prod_cat_611","prod_cat_437","Model EJA210A"
"prod_cat_612","prod_cat_437","Model EJA210E"
"prod_cat_613","prod_cat_437","Model EJA220A"
"prod_cat_614","prod_cat_437","Model EJX210A (Extended Type)"
"prod_cat_615","prod_cat_437","Model EJX210A (Flush Type)"
"prod_cat_616","prod_cat_438","Model EJA118E"
"prod_cat_617","prod_cat_438","Model EJA118N (3-inch)"
"prod_cat_618","prod_cat_438","Model EJA118N (4-inch)"
"prod_cat_619","prod_cat_438","Model EJA118W"
"prod_cat_620","prod_cat_438","Model EJA118Y"
"prod_cat_621","prod_cat_438","Model EJA438E"
"prod_cat_622","prod_cat_438","Model EJA438N (3-inch)"
"prod_cat_623","prod_cat_438","Model EJA438N (4-inch)"
"prod_cat_624","prod_cat_438","Model EJA438W"
"prod_cat_625","prod_cat_438","Model EJX118A"
"prod_cat_626","prod_cat_438","Model EJX438A"
"prod_cat_627","prod_cat_439","RJ Global / Wika - Calibration / Flushing Ring"
"prod_cat_628","prod_cat_439","RJ Global / Wika Diaphragm Seal"
"prod_cat_629","prod_cat_440","FIELD COMMUNICATOR"
"prod_cat_630","prod_cat_440","FieldMate Advanced"
"prod_cat_631","prod_cat_440","Model 475"
"prod_cat_632","prod_cat_440","Model BT200"
"prod_cat_633","prod_cat_440","MOORE HART CONCENTRATOR SYSTEM"
"prod_cat_634","prod_cat_440","MOORE HART LOOP INTERFACE AND MONITOR"
"prod_cat_635","prod_cat_441","Model YTA110"
"prod_cat_636","prod_cat_441","Model YTA310, YTA320"
"prod_cat_637","prod_cat_441","Model YTA50"
"prod_cat_638","prod_cat_441","Model YTA70"
"prod_cat_639","prod_cat_441","Model YTA70P"
"prod_cat_640","prod_cat_442","PK200"
"prod_cat_641","prod_cat_443","2, 3, & 5-Valve Bottom-mount Manifolds"
"prod_cat_642","prod_cat_443","2-Valve Traditional-mount Manifold"
"prod_cat_643","prod_cat_443","3-Valve Traditional-mount Manifold"
"prod_cat_644","prod_cat_443","5-Valve Traditional-mount Manifold"
"prod_cat_645","prod_cat_443","FILTER REGULATOR"
"prod_cat_646","prod_cat_443","FVX110"
"prod_cat_647","prod_cat_443","Parker PGI 2-Valve In-line Manifold"
"prod_cat_648","prod_cat_443","Pentair (AG) Model MB2, MB3, and MB5"
"prod_cat_649","prod_cat_443","Pentair (Anderson-Greenwood) Model M251 and M25"
"prod_cat_650","prod_cat_443","Pentair (Anderson-Greenwood) Model M4"
"prod_cat_651","prod_cat_443","Pentair (Anderson-Greenwood) Model M4TP"
"prod_cat_652","prod_cat_443","POWER SUPPLY"
"prod_cat_653","prod_cat_443","REMOTE FIELD MOUNTED"
"prod_cat_654","prod_cat_443","Temperature Sensor"
"prod_cat_655","prod_cat_443","TRANSMITTER MOUNTING SURGE PROTECTOR"
"prod_cat_656","prod_cat_443","Turck Connectors"
"prod_cat_657","prod_cat_443","Tyco (Anderson-Greenwood) Model M6T"
"prod_cat_658","prod_cat_443","YOKOGAWA YPP Loop Indicator Series"
"prod_cat_659","prod_cat_444","Certificates"
"prod_cat_660","prod_cat_445","Digital Oscilloscope Accessories"
"prod_cat_661","prod_cat_445","DIGITAL OSCILLOSCOPES"
"prod_cat_662","prod_cat_445","DL850E/DL850EV Upgrades"
"prod_cat_663","prod_cat_445","DLM2000 Customer Upgrades"
"prod_cat_664","prod_cat_445","DLM2000 Upgrades"
"prod_cat_665","prod_cat_445","DLM4000 Upgrades"
"prod_cat_666","prod_cat_445","Xviewer Standard & Math Editions"
"prod_cat_667","prod_cat_445","Xviewer Upgrade Edition"
"prod_cat_668","prod_cat_445","Yokogawa Lab ISO 17025 Annual Calibration Pricing"
"prod_cat_669","prod_cat_448","DIGITAL RESISTANCE METER"
"prod_cat_670","prod_cat_449","CURRENT AND POTENTIAL TRANSFORMERS"
"prod_cat_671","prod_cat_449","DIGITAL POWER ANALYZER"
"prod_cat_672","prod_cat_449","Digital Power Meters"
"prod_cat_673","prod_cat_449","POWER METER SHUNTS"
"prod_cat_674","prod_cat_449","PX8000 Precision Power Scope"
"prod_cat_675","prod_cat_449","PX8000 Upgrade Kits"
"prod_cat_676","prod_cat_449","SINGLE PHASE POWER ANALYZERS"
"prod_cat_677","prod_cat_449","WT1600 DIGITAL POWER ANALYZER"
"prod_cat_678","prod_cat_449","WT1600 FACTORY INSTALLED UPGRADE KITS"
"prod_cat_679","prod_cat_449","WT1801 DIGITAL POWER ANALYZER"
"prod_cat_680","prod_cat_449","WT1801 FACTORY INSTALLED UPGRADE KITS"
"prod_cat_681","prod_cat_449","WT1802 DIGITAL POWER ANALYZER"
"prod_cat_682","prod_cat_449","WT1802 FACTORY INSTALLED UPGRADE KITS"
"prod_cat_683","prod_cat_449","WT1803 Digital Power Analyzer"
"prod_cat_684","prod_cat_449","WT1803 FACTORY INSTALLED UPGRADE KITS"
"prod_cat_685","prod_cat_449","WT1804 Digital Power Analyzer"
"prod_cat_686","prod_cat_449","WT1804 FACTORY INSTALLED UPGRADE KITS"
"prod_cat_687","prod_cat_449","WT1805 Digital Power Analyzer"
"prod_cat_688","prod_cat_449","WT1805 FACTORY INSTALLED UPGRADE KITS"
"prod_cat_689","prod_cat_449","WT1806 Digital Power Analyzer"
"prod_cat_690","prod_cat_449","WT1806 FACTORY INSTALLED UPGRADE KITS"
"prod_cat_691","prod_cat_449","WT3000 FACTORY INSTALLED UPGRADE KITS"
"prod_cat_692","prod_cat_449","WT3000 PRECISION POWER ANALYZER"
"prod_cat_693","prod_cat_449","WT3001E PRECISION POWER ANALYZER"
"prod_cat_694","prod_cat_449","WT3002E PRECISION POWER ANALYZER"
"prod_cat_695","prod_cat_449","WT3003E PRECISION POWER ANALYZER"
"prod_cat_696","prod_cat_449","WT3004E PRECISION POWER ANALYZER"
"prod_cat_697","prod_cat_449","WT310 FACTORY INSTALLED POWER METER UPGRADE KITS"
"prod_cat_698","prod_cat_449","WT330 FACTORY INSTALLED POWER METER UPGRADE KITS"
"prod_cat_699","prod_cat_449","WT500 FACTORY INSTALLED UPGRADE KITS"
"prod_cat_700","prod_cat_449","WT500 POWER ANALYZER"
"prod_cat_701","prod_cat_449","YCA LEM Current Transformers"
"prod_cat_702","prod_cat_450","	Arbitrary/Function Generators"
"prod_cat_703","prod_cat_450","AC Voltage Current Calibrator"
"prod_cat_704","prod_cat_450","DC Voltage / Current Source"
"prod_cat_705","prod_cat_450","MULTI CHANNEL SOURCE MEASURE UNIT"
"prod_cat_706","prod_cat_450","Precision DC Calibrator"
"prod_cat_707","prod_cat_450","SOURCE MEASURE UNIT"
"prod_cat_708","prod_cat_451","DIGITAL MULTI-THERMOMETER"
"prod_cat_709","prod_cat_452","DIGITAL MANOMETER"
"prod_cat_710","prod_cat_452","DIGITAL MINI-MANOMETER"
"prod_cat_711","prod_cat_452","PNEUMATIC PRESSURE STANDARD"
"prod_cat_712","prod_cat_454","CONSUMABLES AND ACCESSORIES"
"prod_cat_713","prod_cat_457","ACCESSORIES"
"prod_cat_714","prod_cat_465","F Series Juxta"
"prod_cat_715","prod_cat_465","JUXTA"
"prod_cat_716","prod_cat_466","JUXTA"
"prod_cat_717","prod_cat_468","JUXTA"
"prod_cat_718","prod_cat_469","JUXTA HANDY TERMINAL"
"prod_cat_719","prod_cat_470","JUXTA"
"prod_cat_720","prod_cat_471","JUXTA"
"prod_cat_721","prod_cat_472","1/16 DIN PROGRAM CONTROLLER"
"prod_cat_722","prod_cat_472","UD 300 MANUAL LOADING STATION"
"prod_cat_723","prod_cat_473","STANDBY MANUAL STATION"
"prod_cat_724","prod_cat_473","YS1000 PARTS"
"prod_cat_725","prod_cat_474","MTS MOUNTING KIT"
"prod_cat_726","prod_cat_474","SDBS DISTRIBUTOR"
"prod_cat_727","prod_cat_474","SDBT POWER DISTRIBUTOR"
"prod_cat_728","prod_cat_474","SHUP HOUSING (PANEL MOUNTING)"
"prod_cat_729","prod_cat_474","SHUR CASE RACK-MOUNTING"
"prod_cat_730","prod_cat_474","SICD Counter"
"prod_cat_731","prod_cat_474","SIHN INDICATOR (DIRECT PANEL-MOUNT TYPE)"
"prod_cat_732","prod_cat_474","SIND INTEGRATOR"
"prod_cat_733","prod_cat_474","SISD INDICATOR"
"prod_cat_734","prod_cat_474","SKYD ALARM UNIT"
"prod_cat_735","prod_cat_474","STED EMF AND RTD TO VOLTAGE CONVERSIONS"
"prod_cat_736","prod_cat_475","SINGLE LOOP CONTROLLERS"
"prod_cat_737","prod_cat_476","GENERAL PURPOSE CONTROLLER"
"prod_cat_738","prod_cat_476","UT100 TEMPERATURE CONTROLLERS"
"prod_cat_739","prod_cat_478","SPECVIEW PLUS CONTROL SOFTWARE"
"prod_cat_740","prod_cat_479","ACCESSORIES"
"prod_cat_741","prod_cat_479","PARTS"
"prod_cat_742","prod_cat_480","ECP ELECTRODES"
"prod_cat_743","prod_cat_480","MODEL 810M"
"prod_cat_744","prod_cat_480","MODEL 820M"
"prod_cat_745","prod_cat_480","MODEL EXA PH202"
"prod_cat_746","prod_cat_480","MODEL FD20"
"prod_cat_747","prod_cat_480","MODEL FF20"
"prod_cat_748","prod_cat_480","MODEL FLXA21"
"prod_cat_749","prod_cat_480","MODEL FS20"
"prod_cat_750","prod_cat_480","MODEL FU20"
"prod_cat_751","prod_cat_480","MODEL FU20F"
"prod_cat_752","prod_cat_480","MODEL FU24"
"prod_cat_753","prod_cat_480","MODEL FU24F"
"prod_cat_754","prod_cat_480","MODEL HT21"
"prod_cat_755","prod_cat_480","MODEL OR72SN"
"prod_cat_756","prod_cat_480","MODEL PH18"
"prod_cat_757","prod_cat_480","MODEL PH20"
"prod_cat_758","prod_cat_480","MODEL PH450"
"prod_cat_759","prod_cat_480","MODEL PH72"
"prod_cat_760","prod_cat_480","MODEL PH72SN"
"prod_cat_761","prod_cat_480","MODEL PH87 / PH97"
"prod_cat_762","prod_cat_480","MODEL PR10"
"prod_cat_763","prod_cat_480","MODEL RF20C"
"prod_cat_764","prod_cat_480","MODEL RF20H"
"prod_cat_765","prod_cat_480","MODEL RF20M"
"prod_cat_766","prod_cat_480","MODEL S8000"
"prod_cat_767","prod_cat_480","MODEL SC21"
"prod_cat_768","prod_cat_480","MODEL SC21C"
"prod_cat_769","prod_cat_480","MODEL SC24V"
"prod_cat_770","prod_cat_480","MODEL SC25F"
"prod_cat_771","prod_cat_480","MODEL SC25V"
"prod_cat_772","prod_cat_480","MODEL SC29"
"prod_cat_773","prod_cat_480","MODEL SM21"
"prod_cat_774","prod_cat_480","MODEL SM23"
"prod_cat_775","prod_cat_480","MODEL SM29"
"prod_cat_776","prod_cat_480","MODEL SM60"
"prod_cat_777","prod_cat_480","MODEL SPS24"
"prod_cat_778","prod_cat_480","MODEL SR20"
"prod_cat_779","prod_cat_480","MODEL WF10"
"prod_cat_780","prod_cat_480","MODEL WU10"
"prod_cat_781","prod_cat_480","MODEL WU11"
"prod_cat_782","prod_cat_480","MODEL WU18"
"prod_cat_783","prod_cat_480","MODEL WU20"
"prod_cat_784","prod_cat_480","MODEL WU20D"
"prod_cat_785","prod_cat_480","PC FLOW BLOCK"
"prod_cat_786","prod_cat_480","pH/ORP ELECTRODES  FOR FF20, FS20, AND FD20"
"prod_cat_787","prod_cat_480","PHARMACEUTICAL pH SENSORS"
"prod_cat_788","prod_cat_481","ACCESSORIES"
"prod_cat_789","prod_cat_481","CALIBRATORS"
"prod_cat_790","prod_cat_481","COLORIMETERS"
"prod_cat_791","prod_cat_481","CW120/121"
"prod_cat_792","prod_cat_481","CW240"
"prod_cat_793","prod_cat_481","DECADE BOXES AND STANDARD RESISTORS"
"prod_cat_794","prod_cat_481","DIGITAL CLAMP-ON METERS"
"prod_cat_795","prod_cat_481","DIGITAL MULTI-THERMOMETERS"
"prod_cat_796","prod_cat_481","EARTH GROUND TESTERS AND POLYTESTERS"
"prod_cat_797","prod_cat_481","FIELD COMMUNICATOR"
"prod_cat_798","prod_cat_481","GALVANOMETERS"
"prod_cat_799","prod_cat_481","HAND HELD DIGITAL MULTIMETERS"
"prod_cat_800","prod_cat_481","INSULATION TESTERS"
"prod_cat_801","prod_cat_481","MISCELLANEOUS"
"prod_cat_802","prod_cat_481","MULTIFUNCTION TESTER & SENSOR MODULES"
"prod_cat_803","prod_cat_481","PORTABLE LUXMETERS (ANALOG)"
"prod_cat_804","prod_cat_481","PORTABLE STANDARDS"
"prod_cat_805","prod_cat_481","Pressure Calibrator"
"prod_cat_806","prod_cat_481","REMOTE FIELD MOUNTED"
"prod_cat_807","prod_cat_481","YOKOGAWA YPP Loop Indicator Series"
"prod_cat_808","prod_cat_483","µR10000"
"prod_cat_809","prod_cat_483","µR20000"
"prod_cat_810","prod_cat_484","SR10000 RECORDER"
"prod_cat_811","prod_cat_487","Network Solutions Accessories"
"prod_cat_812","prod_cat_487","Network Solutions Consumables & Accessories"
"prod_cat_813","prod_cat_488","MODEL EXA DC402"
"prod_cat_814","prod_cat_488","MODEL EXA SC202"
"prod_cat_815","prod_cat_488","MODEL FF40"
"prod_cat_816","prod_cat_488","MODEL FLXA21"
"prod_cat_817","prod_cat_488","MODEL FS40"
"prod_cat_818","prod_cat_488","MODEL PR10"
"prod_cat_819","prod_cat_488","MODEL SC42"
"prod_cat_820","prod_cat_488","MODEL SC42  HIGH PRESSURE, HIGH TEMPERATURE"
"prod_cat_821","prod_cat_488","MODEL SC42 Conductivity  2-Electrode"
"prod_cat_822","prod_cat_488","MODEL SC42 Tri-Clover  2-Electrode"
"prod_cat_823","prod_cat_488","MODEL SC450"
"prod_cat_824","prod_cat_488","MODEL SC4A"
"prod_cat_825","prod_cat_488","MODEL SC72"
"prod_cat_826","prod_cat_488","MODEL SC72SN"
"prod_cat_827","prod_cat_488","MODEL SX42"
"prod_cat_828","prod_cat_488","MODEL WU40"
"prod_cat_829","prod_cat_488","PHARMACEUTICAL CONDUCTIVITY SENSOR"
"prod_cat_830","prod_cat_489","Juxta VJ Series"
"prod_cat_831","prod_cat_490","MODEL EXA ISC202"
"prod_cat_832","prod_cat_490","MODEL FLXA21"
"prod_cat_833","prod_cat_490","MODEL ISC40FD"
"prod_cat_834","prod_cat_490","MODEL ISC40FF"
"prod_cat_835","prod_cat_490","MODEL ISC40FS"
"prod_cat_836","prod_cat_490","MODEL ISC40G/ISC40S"
"prod_cat_837","prod_cat_490","MODEL ISC450"
"prod_cat_838","prod_cat_490","MODEL PR10"
"prod_cat_839","prod_cat_491","CX2000"
"prod_cat_840","prod_cat_491","DAQSTATION DX1000T"
"prod_cat_841","prod_cat_491","DAQSTATION DX2000T"
"prod_cat_842","prod_cat_491","DX1000 DAQSTATION"
"prod_cat_843","prod_cat_491","DX1000N"
"prod_cat_844","prod_cat_491","DX100P/DX200P SPARES AND ACCESSORIES"
"prod_cat_845","prod_cat_491","DX200 EXPANDABLE DAQSTATION"
"prod_cat_846","prod_cat_491","DX200/S83 DAQSTATION"
"prod_cat_847","prod_cat_491","DX2000"
"prod_cat_848","prod_cat_491","DX3000"
"prod_cat_849","prod_cat_491","DX364 DAQSTATION"
"prod_cat_850","prod_cat_491","DXA/DX/CX SPARES AND ACCESSORIES"
"prod_cat_851","prod_cat_491","FX1000"
"prod_cat_852","prod_cat_493","2180 Series AC SWITCHBOARD METERS"
"prod_cat_853","prod_cat_493","2180 Series DC SWITCHBOARD METERS"
"prod_cat_854","prod_cat_493","AB/DB16 SWITCHBOARD METERS"
"prod_cat_855","prod_cat_493","AB/DB40 - SWITCHBOARD METERS"
"prod_cat_856","prod_cat_493","AB16 FREQUENCY"
"prod_cat_857","prod_cat_493","AB16 POWER FACTOR"
"prod_cat_858","prod_cat_493","AB16 SYNCHROSCOPE SWITCHBOARD METERS"
"prod_cat_859","prod_cat_493","AB16 TEMPERATURE"
"prod_cat_860","prod_cat_493","AB16 VARS"
"prod_cat_861","prod_cat_493","AB16 WATTS"
"prod_cat_862","prod_cat_493","AB40 AC WATT SWITCHBOARD METERS"
"prod_cat_863","prod_cat_493","AB40 FREQUENCY 120V SWITCHBOARD METERS"
"prod_cat_864","prod_cat_493","AB40 SWITCHBOARD METERS/POWER FACTOR"
"prod_cat_865","prod_cat_493","AB40 SYNCHROSCOPE SWITCHBOARD METERS"
"prod_cat_866","prod_cat_493","AB40 VAR SWITCHBOARD METERS"
"prod_cat_867","prod_cat_493","ANALOG PANEL METERS"
"prod_cat_868","prod_cat_493","DB40 TEMP INDICATORS SWITCHBOARD METERS"
"prod_cat_869","prod_cat_493","DC AMMETER SHUNTS - 50 MILLIVOLTS ONLY"
"prod_cat_870","prod_cat_493","DIGITAL PANEL METER"
"prod_cat_871","prod_cat_493","DIN METERS"
"prod_cat_872","prod_cat_493","DUAL-VUE DIGITAL SWITCHBOARD METERS"
"prod_cat_873","prod_cat_493","EDGEWISE"
"prod_cat_874","prod_cat_493","ELAPSED TIME METER"
"prod_cat_875","prod_cat_493","Elapsed Time Meter in NEMA 4X Housing"
"prod_cat_876","prod_cat_493","HI-SHOCK SWITCHBOARD METERS"
"prod_cat_877","prod_cat_493","PANEL DIGITAL COUNTER"
"prod_cat_878","prod_cat_493","POWER SERIES PLUS"
"prod_cat_879","prod_cat_493","POWERCERT PR300"
"prod_cat_880","prod_cat_493","PRO Plus"
"prod_cat_881","prod_cat_493","Rudder Position Meters"
"prod_cat_882","prod_cat_493","SWITCHBOARD TIME METER"
"prod_cat_883","prod_cat_493","TOUGHMETER SERIES"
"prod_cat_884","prod_cat_494","MW100 DAQMASTER"
"prod_cat_885","prod_cat_494","MW100/MX100 DAQMASTER"
"prod_cat_886","prod_cat_494","MX100 DAQMASTER"
"prod_cat_887","prod_cat_495","DISSOLVED OXYGEN SENSORS"
"prod_cat_888","prod_cat_495","MODEL DO30G"
"prod_cat_889","prod_cat_495","MODEL EXA DO202"
"prod_cat_890","prod_cat_495","MODEL EXA DO402"
"prod_cat_891","prod_cat_495","MODEL FD30"
"prod_cat_892","prod_cat_495","MODEL FLXA21"
"prod_cat_893","prod_cat_495","MODEL PB30"
"prod_cat_894","prod_cat_496","ROTAMASS"
"prod_cat_895","prod_cat_496","ROTAMASS  MASS FLOW DETECTOR"
"prod_cat_896","prod_cat_496","ROTAMASS FLOWMETERS"
"prod_cat_897","prod_cat_496","ROTAMASS MASS FLOW CABLE"
"prod_cat_898","prod_cat_496","ROTAMASS MASS FLOW CONVERTER"
"prod_cat_899","prod_cat_496","ROTAMASS MASS FLOW DETECTOR"
"prod_cat_900","prod_cat_496","ROTAMASS MASS FLOWMETER"
"prod_cat_901","prod_cat_500","0.5% TRANSDUCERS DIN RAIL OR FOOT MOUNT"
"prod_cat_902","prod_cat_500","FREQUENCY TRANSDUCERS"
"prod_cat_903","prod_cat_500","JUXTA  AC COMBINED WATT/VAR TRANSDUCERS"
"prod_cat_904","prod_cat_500","JUXTA AC COMBINED WATT/VAR TRANSDUCERS"
"prod_cat_905","prod_cat_500","JUXTA AC VOLTAGE & CURRENT TRANSDUCERS"
"prod_cat_906","prod_cat_500","JUXTA AC WATT TRANSDUCERS"
"prod_cat_907","prod_cat_500","JUXTA DC TO DC ISOLATORS (NOT UL RECOGNIZED)"
"prod_cat_908","prod_cat_500","JUXTA FREQUENCY TRANSDUCERS"
"prod_cat_909","prod_cat_500","JUXTA PHASE ANGLE TRANSDUCERS"
"prod_cat_910","prod_cat_500","JUXTA POWER FACTOR TRANSDUCERS"
"prod_cat_911","prod_cat_500","JUXTA VAR TRANSDUCERS"
"prod_cat_912","prod_cat_500","PHASE ANGLE TRANSDUCERS 45-65HZ"
"prod_cat_913","prod_cat_500","POWER FACTOR TRANSDUCERS 45-65HZ"
"prod_cat_914","prod_cat_500","VAR TRANSDUCERS 45-65HZ"
"prod_cat_915","prod_cat_500","WATT TRANSDUCERS 45-65HZ"
"prod_cat_916","prod_cat_501","AMS2750E Thermocouple"
"prod_cat_917","prod_cat_501","CERTIFICATE OF CONFORMANCE"
"prod_cat_918","prod_cat_501","ISO 17025 CALIBRATION"
"prod_cat_919","prod_cat_501","NIST LEVEL B CALIBRATION"
"prod_cat_920","prod_cat_501","NIST LEVEL C CALIBRATION"
"prod_cat_921","prod_cat_502","PI Components Remote Seal Syatem"
"prod_cat_922","prod_cat_502","PI Components Remote Seal System"
"prod_cat_923","prod_cat_503","EJX910A"
"prod_cat_924","prod_cat_503","EJX930A"
"prod_cat_925","prod_cat_504","Model FSA120"
"prod_cat_926","prod_cat_505","BLOCK VALVES AND MANIFOLDS"
"prod_cat_927","prod_cat_505","MODEL V100 REGULAR MODELS"
"prod_cat_928","prod_cat_505","MODEL V110 REGULAR MODELS"
"prod_cat_929","prod_cat_505","MODEL V150 SPRING LOCK SENSOR"
"prod_cat_930","prod_cat_505","MODEL V200D HOT TAP MODEL, DOUBLE ROD"
"prod_cat_931","prod_cat_505","MODEL V200S HOT TAP SENSOR"
"prod_cat_932","prod_cat_505","MODEL V250 LOW PRESSURE HOT TAP"
"prod_cat_933","prod_cat_505","MODEL V400D HOT TAP MODEL, DUAL ROD"
"prod_cat_934","prod_cat_505","MODEL V400S HOT TAP MODEL, SINGLE ROD"
"prod_cat_935","prod_cat_505","MODEL V450 LOW PRESSURE HOT TAP MODEL"
"prod_cat_936","prod_cat_505","MODEL V500 SINGLE SUPPORT"
"prod_cat_937","prod_cat_505","MODEL V510 DOUBLE SUPPORT"
"prod_cat_938","prod_cat_505","MODEL V550 FLANGED - SPRING LOCK"
"prod_cat_939","prod_cat_505","VERABAR"
"prod_cat_940","prod_cat_506","Glass Tube Variable Area Flow Meter"
"prod_cat_941","prod_cat_506","Laboratory Glass Variable Area Flow Meter"
"prod_cat_942","prod_cat_506","Mini Glass Variable Area Flow Meter"
"prod_cat_943","prod_cat_506","MINI-ROTAMETER VARIABLE AREA FLOW METER"
"prod_cat_944","prod_cat_506","ROTAMETER"
"prod_cat_945","prod_cat_506","ROTAMETER VARIABLE AREA FLOW METER"
"prod_cat_946","prod_cat_507","MODEL DT450G"
"prod_cat_947","prod_cat_508","YS1310"
"prod_cat_948","prod_cat_508","YS1350"
"prod_cat_949","prod_cat_508","YS1360"
"prod_cat_950","prod_cat_508","YS1500"
"prod_cat_951","prod_cat_508","YS1700"
"prod_cat_952","prod_cat_508","YSS1000"
"prod_cat_953","prod_cat_509","HIGH-SPEED DATA ACQUISITION"
"prod_cat_954","prod_cat_509","SL1000 Upgrades"
"prod_cat_955","prod_cat_510","Optical  Spectrum Analyzer"
"prod_cat_956","prod_cat_510","Optical Spectrum Analyzer"
"prod_cat_957","prod_cat_511","OPM & VLS Module"
"prod_cat_958","prod_cat_511","OPM Module"
"prod_cat_959","prod_cat_511","Optical Time Domain Reflectometer"
"prod_cat_960","prod_cat_511","OTDR UNIT"
"prod_cat_961","prod_cat_511","VLS Module"
"prod_cat_962","prod_cat_512","AQ2200-642 Transceiver I/F Module"
"prod_cat_963","prod_cat_512","AQ2200-651 SG module"
"prod_cat_964","prod_cat_512","DUAL ATTN Module w/ PM"
"prod_cat_965","prod_cat_512","GRID TLS Module"
"prod_cat_966","prod_cat_512","MATS AQ2200-215 High Power Sensor module"
"prod_cat_967","prod_cat_512","MATS AQ2200-221 Sensor module"
"prod_cat_968","prod_cat_512","MATS AQ2200-311A ATTN module"
"prod_cat_969","prod_cat_512","MATS AQ2200-331 ATTN module w/ pm"
"prod_cat_970","prod_cat_512","MATS AQ2200-411 OSW module"
"prod_cat_971","prod_cat_512","MATS AQ2200-412 OSW module"
"prod_cat_972","prod_cat_512","MATS AQ2200-421 OSW module"
"prod_cat_973","prod_cat_512","MATS AQ2211 Frame Controller (3 Slot)"
"prod_cat_974","prod_cat_512","MATS AQ2212 Frame Controller (9 Slot)"
"prod_cat_975","prod_cat_517","AQ2170 Optical Power Meter"
"prod_cat_976","prod_cat_517","AQ2180 Optical Power Meter"
"prod_cat_977","prod_cat_517","AQ4280 Optical Power Meter"
"prod_cat_978","prod_cat_519","M1115NL Wireless MESH Radios"
"prod_cat_979","prod_cat_519","R/ Series Wireless I/O Radios"
"prod_cat_980","prod_cat_519","Wireless Ethernet Data Radios"
"prod_cat_981","prod_cat_519","YTMX580 Multi-Input Temp Transmitter Accessories"
"prod_cat_982","prod_cat_519","YTMX580 Wireless Multi-Input Temp Transmitter"
"prod_cat_983","prod_cat_521","Light Loader Configuration Software"
"prod_cat_984","prod_cat_521","Pneumatic Controller"
"prod_cat_985","prod_cat_521","UPAdvanced Hybrid Controller"
"prod_cat_986","prod_cat_521","UT Advanced Program Controller"
"prod_cat_987","prod_cat_521","UT Advanced Temperature Controller"
"prod_cat_988","prod_cat_521","UTAdvanced Brick PLC and PID Controller"
"prod_cat_989","prod_cat_521","UTAdvanced Hybrid Controller"
"prod_cat_990","prod_cat_521","UTAdvanced Indicator"
"prod_cat_991","prod_cat_521","UTAdvanced Limit Controller"
"prod_cat_992","prod_cat_521","UTAdvanced Program Controller"
"prod_cat_993","prod_cat_522","Software"
"prod_cat_994","prod_cat_524","AQ1100A"
"prod_cat_995","prod_cat_524","AQ1100B"
"prod_cat_996","prod_cat_524","AQ1100D"
"prod_cat_997","prod_cat_524","AQ1200A"
"prod_cat_998","prod_cat_524","AQ1200B"
"prod_cat_999","prod_cat_524","AQ1200C"
"prod_cat_1000","prod_cat_524","AQ1200E"
"prod_cat_1001","prod_cat_524","AQ1205A"
"prod_cat_1002","prod_cat_524","AQ1205E"
"prod_cat_1003","prod_cat_524","AQ1205F"
"prod_cat_1004","prod_cat_524","AQ1300"
"prod_cat_1005","prod_cat_524","AQ1301"
"prod_cat_1006","prod_cat_526","Sol Station HXS10"
"prod_cat_1007","prod_cat_526","SolStation - Application Specific Controller"
"prod_cat_1008","prod_cat_527","EJX110B"
"prod_cat_1009","prod_cat_527","EJX118B (Combination Type)"
"prod_cat_1010","prod_cat_527","EJX118B (Extended Type)"
"prod_cat_1011","prod_cat_527","EJX118B (Flush Type)"
"prod_cat_1012","prod_cat_527","EJX210B (Extended Type)"
"prod_cat_1013","prod_cat_527","EJX210B (Flush Type)"
"prod_cat_1014","prod_cat_527","EJX310B"
"prod_cat_1015","prod_cat_527","EJX430B"
"prod_cat_1016","prod_cat_527","EJX438B (Flush Type)"
"prod_cat_1017","prod_cat_527","EJX510B / EJX530B"
"prod_cat_1018","prod_cat_527","FN110"
"prod_cat_1019","prod_cat_527","FN310"
"prod_cat_1020","prod_cat_527","FN510"
"prod_cat_1021","prod_cat_527","Model YFGW410"
"prod_cat_1022","prod_cat_527","Model YFGW510"
"prod_cat_1023","prod_cat_527","Model YFGW610"
"prod_cat_1024","prod_cat_527","YFGW710"
"prod_cat_1025","prod_cat_527","YTA510"
"prod_cat_1026","prod_cat_528","Ethernet Cellular Modems"
"prod_cat_1027","prod_cat_531","MODEL IF200"
"prod_cat_1028","prod_cat_531","MODEL TDLS200"
"prod_cat_1029","prod_cat_531","MODEL TDLS220"
"prod_cat_1030","prod_cat_531","MODEL TDLS500"
"prod_cat_1031","prod_cat_531","MODEL WT200"
"prod_cat_1032","prod_cat_531","MODEL YARS100"
"prod_cat_1033","prod_cat_531","MODEL YC200"
"prod_cat_1034","prod_cat_531","MODEL YR200"
"prod_cat_1035","prod_cat_532","GM10"
"prod_cat_1036","prod_cat_532","GM90MB"
"prod_cat_1037","prod_cat_532","GM90PS"
"prod_cat_1038","prod_cat_532","GX60"
"prod_cat_1039","prod_cat_532","GX90EX"
"prod_cat_1040","prod_cat_532","GX90WD"
"prod_cat_1041","prod_cat_532","GX90XA"
"prod_cat_1042","prod_cat_532","GX90XD"
"prod_cat_1043","prod_cat_532","GX90YD"
"prod_cat_1044","prod_cat_532","SMARTDAC+ GA10 Software"
"prod_cat_1045","prod_cat_532","SMARTDAC+ GA10CL Client Software"
"prod_cat_1046","prod_cat_532","SMARTDAC+ GA10UP Software Channel Upgrade"
"prod_cat_1047","prod_cat_532","SMARTDAC+ GP10"
"prod_cat_1048","prod_cat_532","SMARTDAC+ GP20"
"prod_cat_1049","prod_cat_532","SMARTDAC+ GX10"
"prod_cat_1050","prod_cat_532","SMARTDAC+ GX20"
"prod_cat_1051","prod_cat_532","SMARTDAC+ GX20W"
"prod_cat_1052","prod_cat_533","Accessories for Discontinued Products"
"prod_cat_1053","prod_cat_533","Optical Wavelength Meter"
"prod_cat_1054","prod_cat_534","RANGE-FREE MULTI-CONTROLLER"
"prod_cat_1055","prod_cat_535","Y-VIEW Operator Interface"
"prod_cat_1056","prod_cat_536","Y-Plant Alert"
